Date,DC,Activity,CI,CO,From,StartZ,StartL,To,FinishZ,FinishL,BH,DH
1.Jun.26,,OFF,,,,ICN,1500-1,0,ICN,1459+1,2359+1,,0:00,,,0,2359+1
3.Jun.26,,OFF,,,,ICN,1500-1,0,ICN,1459,2359,,0:00,,,0,2359
4.Jun.26,,BTRIP,850,1130,ICN,Jan.50,850,NRT,230,1130,0:00,0:00,850,1130,850,1130
5.Jun.26,,RECSM,1830,0000+1,NRT,930,1830,NRT,1500,2400,0:00,0:00,1830,0000+1,1830,2400
6.Jun.26,T*,RECCK,1830,,NRT,930,1830,NRT,1030,1930,,0:00,1830,,1830,1930
6.Jun.26,T*,RECCK,,,NRT,1030,1930,NRT,1430,2330,,0:00,,,1930,2330
6.Jun.26,T*,RECCK,,0000+1,NRT,1430,2330,NRT,1500,2400,0:00,0:00,,0000+1,2330,2400
7.Jun.26,,BTRIP,1230,1530,NRT,330,1230,ICN,630,1530,0:00,0:00,1230,1530,1230,1530
8.Jun.26,,RDO,,,,ICN,1500-1,0,ICN,1459,2359,,0:00,,,0,2359
9.Jun.26,,RDO,,,,ICN,1500-1,0,ICN,1459,2359,,0:00,,,0,2359
10.Jun.26,,OFF,,,,ICN,1500-1,0,ICN,1459,2359,,0:00,,,0,2359
11.Jun.26,R*,YP621,1605,2048,ICN,854,1754,DAD,1318,2018,4:24,0:00,1605,2248,1754,2218
11.Jun.26,,REST,,,,DAD,1348,2048,DAD,1425+3,2125+3,,0:00,,,2248,2325+3
14.Jun.26,,YP622,2125,0540+1,DAD,1547,2247,ICN,2010,0510+1,4:23,0:00,2325,0540+1,0047+1,0510+1
16.Jun.26,,OFF,,,,ICN,1500-1,0,ICN,1459,2359,,0:00,,,0,2359
17.Jun.26,,YP101,1120,839,ICN,357,1257,LAX,1509,809,11:12,0:00,1120,0039+1,1257,0009+1
18.Jun.26,,REST,,,,LAX,1539-1,0839-1,LAX,0510+2,2210+1,,0:00,,,39,1410+2
20.Jun.26,,YP104,Jan.10,0413+1,LAX,633,Jan.33,ICN,1843,0343+1,12:10,0:00,1410,0413+1,1533,0343+1
22.Jun.26,,OFF,,,,ICN,1500-1,0,ICN,1459,2359,,0:00,,,0,2359
23.Jun.26,,ANLV,,,,ICN,1500-1,0,ICN,1459,2359,,0:00,,,0,2359
24.Jun.26,,OFF,,,,ICN,1500-1,0,ICN,1459,2359,,0:00,,,0,2359
25.Jun.26,,MOTOT,610,,ICN,Jan.10,610,ICN,Jan.10,710,,0:00,610,,610,710
25.Jun.26,R*,YP731,,,,ICN,Jan.50,850,NRT,154,1054,,0:00,,,850,1054
25.Jun.26,,YP732,,1541,NRT,330,1230,ICN,611,1511,4:45,0:00,,1541,1230,1511
26.Jun.26,,RSV,,,,ICN,1500-1,0,ICN,1459,2359,,0:00,,,0,2359
27.Jun.26,,OFF,,,,ICN,1500-1,0,ICN,1459,2359,,0:00,,,0,2359
28.Jun.26,,OFF,,,,ICN,1500-1,0,ICN,1459,2359,,0:00,,,0,2359
29.Jun.26,,OFF,,,,ICN,1500-1,0,ICN,1459,2359,,0:00,,,0,2359
30.Jun.26,,OFF,,,,ICN,1500-1,0,ICN,1459,2359,,0:00,,,0,2359
